cust_id,cust_name,last_purchase_date,order_id,frequency,monetary_value(total_sales)
SM-20320,Sean Miller,2017-10-12,CA-2017-149146,5,25043.05
TC-20980,Tamara Chand,2016-11-26,CA-2016-129693,5,19052.22
RB-19360,Raymond Buch,2017-09-25,CA-2017-162572,6,15117.34
TA-21385,Tom Ashbrook,2017-10-22,CA-2017-127180,4,14595.62
AB-10105,Adrian Barton,2017-11-19,CA-2017-101042,10,14473.57
KL-16645,Ken Lonsdale,2017-11-13,US-2017-140312,12,14175.23
SC-20095,Sanjit Chand,2017-01-15,CA-2017-152961,9,14142.33
HL-15040,Hunter Lopez,2017-11-17,CA-2017-166709,6,12873.3
SE-20110,Sanjit Engle,2017-12-21,CA-2017-144827,11,12209.44
CC-12370,Christopher Conant,2017-11-17,US-2017-155866,5,12129.07
TS-21370,Todd Sumrall,2017-11-24,CA-2017-166436,6,11891.75
GT-14710,Greg Tran,2017-11-24,CA-2017-101945,11,11820.12
BM-11140,Becky Martin,2017-02-26,CA-2017-121706,4,11789.63
SV-20365,Seth Vernon,2017-09-20,CA-2017-100111,10,11470.95
CJ-12010,Caroline Jumper,2017-06-24,CA-2017-122105,8,11164.97
CL-12565,Clay Ludtke,2017-03-21,CA-2017-119452,12,10880.55
ME-17320,Maria Etezadi,2017-11-18,CA-2017-143434,10,10663.73
KF-16285,Karen Ferguson,2017-09-24,US-2017-132675,7,10604.27
BS-11365,Bill Shonely,2016-06-20,CA-2016-149965,5,10501.65
EH-13765,Edward Hooks,2017-08-17,US-2017-111423,12,10310.88
JL-15835,John Lee,2017-12-09,US-2017-167920,11,9799.92
GT-14635,Grant Thornton,2017-11-04,US-2017-168116,3,9351.21
HW-14935,Helen Wasserman,2017-09-04,CA-2017-140326,8,9300.25
TB-21400,Tom Boeckenhauer,2017-06-11,CA-2017-134565,7,9133.99
PF-19120,Peter Fuller,2015-09-17,US-2015-126977,4,9062.86
CM-12385,Christopher Martinez,2017-11-23,CA-2017-119746,4,8954.02
JD-16150,Justin Deggeller,2017-11-19,CA-2017-168858,8,8828.03
JE-15715,Joe Elijah,2017-11-14,CA-2017-124261,10,8697.84
LA-16780,Laura Armstrong,2017-07-29,CA-2017-130771,11,8673.22
PK-19075,Pete Kriz,2017-12-21,CA-2017-107461,12,8646.93
DR-12940,Daniel Raglin,2017-11-10,CA-2017-142671,8,8350.87
NF-18385,Natalie Fritzler,2017-10-12,CA-2017-130505,7,8322.83
KD-16270,Karen Daniels,2016-09-02,CA-2016-130407,5,8282.36
NC-18535,Nick Crebassa,2017-12-24,CA-2017-148355,7,8241.74
HM-14860,Harry Marie,2017-12-28,CA-2017-129805,10,8236.76
KD-16495,Keith Dawkins,2017-09-09,CA-2017-100825,12,8181.26
SB-20290,Sean Braxton,2017-11-13,US-2017-165344,7,8057.89
ZC-21910,Zuschuss Carroll,2017-11-06,CA-2017-100013,13,8025.71
JH-15985,Joseph Holt,2017-12-01,CA-2017-135860,6,7955.0
NP-18700,Nora Preis,2017-08-14,CA-2017-169264,7,7903.18
AH-10690,Anna Häberlin,2016-11-15,CA-2016-148740,12,7888.29
AB-10060,Adam Bellavance,2017-11-06,CA-2017-107174,8,7755.62
JE-15610,Jim Epp,2017-11-12,US-2017-136707,7,7754.98
JW-15220,Jane Waco,2017-11-18,US-2017-158946,6,7721.71
LC-16885,Lena Creighton,2017-12-14,US-2017-113992,12,7663.13
JM-15865,John Murray,2017-09-12,US-2017-109582,7,7625.08
JD-15895,Jonathan Doherty,2016-12-01,CA-2016-143805,11,7610.86
PO-18850,Patrick O'Brill,2017-12-26,US-2017-106705,11,7473.83
MS-17365,Maribeth Schnelling,2017-04-01,CA-2017-147942,10,7443.69
RW-19540,Rick Wilson,2017-09-01,CA-2017-128041,7,7397.4
BM-11650,Brian Moss,2017-11-27,CA-2017-102519,11,7294.19
PP-18955,Paul Prost,2017-09-24,CA-2017-134096,10,7252.61
NW-18400,Natalie Webber,2017-07-11,CA-2017-127656,7,7234.01
Dp-13240,Dean percer,2017-10-07,CA-2017-148404,11,7198.76
FH-14365,Fred Hopkins,2017-12-25,CA-2017-121398,8,6987.2
RH-19510,Rick Huthwaite,2016-09-19,CA-2016-168354,6,6979.18
PS-19045,Penelope Sewall,2017-05-08,CA-2017-133865,7,6843.63
BB-11545,Brenda Bowman,2017-12-02,CA-2017-102379,9,6765.73
JE-15745,Joel Eaton,2017-11-09,US-2017-141852,13,6760.81
YS-21880,Yana Sorensen,2017-12-21,CA-2017-138380,8,6720.44
AR-10540,Andy Reiter,2017-12-24,CA-2017-154935,6,6608.45
DR-12880,Dan Reichenbach,2017-12-27,CA-2017-134404,9,6528.03
GK-14620,Grace Kelly,2017-09-09,CA-2017-139444,9,6497.27
JA-15970,Joseph Airdo,2017-09-29,CA-2017-128335,8,6491.03
NM-18445,Nathan Mautz,2017-07-23,CA-2017-125367,7,6459.34
VD-21670,Valerie Dominguez,2016-05-28,CA-2016-113747,6,6442.25
SB-20185,Sarah Brown,2017-06-25,CA-2017-116127,6,6411.0
JG-15160,James Galang,2017-12-29,CA-2017-118885,11,6366.39
DM-13015,Darrin Martin,2017-11-03,CA-2017-110429,7,6345.1
CM-12655,Corinna Mitchell,2017-12-03,CA-2017-143126,6,6339.56
MJ-17740,Max Jones,2017-12-08,US-2017-131961,7,6320.75
BH-11710,Brosina Hoffman,2017-12-07,CA-2017-135587,8,6255.35
RL-19615,Rob Lucas,2017-08-31,US-2017-135062,8,6234.91
WB-21850,William Brown,2017-12-10,US-2017-110149,11,6160.1
VW-21775,Victoria Wilson,2017-12-02,CA-2017-116715,10,6134.04
SD-20485,Shirley Daniels,2017-06-13,CA-2017-102337,9,6121.11
QJ-19255,Quincy Jones,2017-12-05,CA-2017-104066,9,6108.34
AD-10180,Alan Dominguez,2017-12-01,CA-2017-143245,8,6106.88
CB-12025,Cassandra Brandow,2017-11-13,US-2017-102904,10,6076.14
GM-14695,Greg Maxwell,2017-09-04,CA-2017-102750,3,6049.97
SC-20380,Shahid Collister,2017-11-30,CA-2017-142090,9,5992.54
KH-16690,Kristen Hastings,2017-12-28,CA-2017-163979,7,5990.8
RM-19675,Robert Marley,2017-12-24,CA-2017-145219,5,5979.1
KH-16510,Keith Herrera,2017-12-08,CA-2017-117457,7,5952.86
BF-11170,Ben Ferrer,2017-12-14,CA-2017-151799,11,5907.97
CP-12340,Christine Phan,2017-07-23,CA-2017-117240,8,5888.27
BD-11320,Bill Donatelli,2017-11-27,CA-2017-107125,12,5718.52
CS-12505,Cindy Stewart,2017-11-02,US-2017-115609,6,5690.05
AM-10705,Anne McFarland,2017-07-21,CA-2017-104731,8,5664.02
RB-19795,Ross Baird,2017-11-28,US-2017-110576,8,5633.32
KM-16375,Katherine Murray,2017-11-04,CA-2017-159135,8,5620.19
AA-10315,Alex Avila,2017-06-29,CA-2017-147039,5,5563.56
SM-20950,Suzanne McNair,2017-12-05,CA-2017-105235,12,5563.39
NP-18325,Naresj Patel,2017-12-05,CA-2017-126865,6,5529.62
AC-10450,Amy Cox,2017-12-19,CA-2017-158729,7,5527.85
MH-18115,Mick Hernandez,2017-12-25,CA-2017-114055,9,5503.09
DP-13390,Dennis Pardue,2017-01-06,CA-2017-150931,9,5480.72
EP-13915,Emily Phan,2017-12-18,CA-2017-102099,17,5478.06
YC-21895,Yoseph Carroll,2017-12-26,CA-2017-121741,5,5454.35
SP-20620,Stefania Perrino,2017-11-13,CA-2017-112844,9,5440.32
LW-17215,Luke Weiss,2017-12-09,CA-2017-102659,7,5420.51
CP-12085,Cathy Prescott,2017-10-09,CA-2017-132430,8,5402.25
TS-21205,Thomas Seio,2017-06-15,CA-2017-119284,7,5371.09
TT-21460,Tonja Turnell,2017-12-18,CA-2017-158736,7,5364.81
MW-18220,Mitch Webber,2017-12-13,CA-2017-107986,7,5341.9
TP-21415,Tom Prescott,2017-09-17,CA-2017-137470,5,5329.0
TW-21025,Tamara Willingham,2017-10-27,CA-2017-134880,7,5278.83
DW-13480,Dianna Wilson,2017-05-27,US-2017-132297,5,5271.63
MW-18235,Mitch Willingham,2017-11-16,CA-2017-136308,2,5253.88
HR-14830,Harold Ryan,2017-07-24,US-2017-135013,7,5248.79
SC-20725,Steven Cartwright,2017-06-26,CA-2017-163531,11,5226.21
RP-19390,Resi Pölking,2017-11-27,CA-2017-103352,12,5153.08
LR-16915,Lena Radford,2017-12-04,CA-2017-109183,6,5142.89
MP-18175,Mike Pelletier,2017-12-14,CA-2017-169859,9,5087.92
AA-10645,Anna Andreadi,2017-11-05,CA-2017-157196,6,5086.94
IL-15100,Ivan Liston,2017-08-10,CA-2017-143063,7,5040.74
KL-16555,Kelly Lampkin,2017-12-14,CA-2017-147333,8,5016.49
LB-16795,Laurel Beltran,2017-07-31,CA-2017-147032,8,4985.68
DH-13075,Dave Hallsten,2017-03-28,US-2017-147886,6,4932.87
IM-15070,Irene Maddox,2016-12-05,CA-2016-161389,7,4930.47
TT-21070,Ted Trevino,2017-11-29,CA-2017-108035,7,4915.6
KM-16720,Kunst Miller,2017-12-02,CA-2017-167395,8,4909.47
PO-19180,Philisse Overcash,2017-07-23,CA-2017-118346,9,4893.04
HK-14890,Heather Kirkland,2017-08-01,CA-2017-124576,8,4877.78
AJ-10780,Anthony Jacobs,2017-10-16,CA-2017-111577,7,4867.34
JK-15730,Joe Kamberova,2017-10-07,CA-2017-128426,10,4867.2
AH-10210,Alan Hwang,2017-12-24,CA-2017-147956,9,4805.34
DK-13225,Dean Katz,2017-12-20,CA-2017-105480,9,4802.39
RA-19915,Russell Applegate,2017-12-18,CA-2017-140585,9,4793.54
SA-20830,Sue Ann Reed,2017-10-28,CA-2017-160661,10,4767.34
JK-15640,Jim Kriz,2017-07-03,CA-2017-168109,9,4760.43
BW-11110,Bart Watters,2017-08-31,CA-2017-154074,8,4750.36
TB-21520,Tracy Blumstein,2017-09-14,CA-2017-114440,9,4737.49
GB-14575,Giulietta Baptist,2017-12-17,CA-2017-130309,5,4716.29
RB-19465,Rick Bensley,2017-12-21,CA-2017-137456,12,4715.47
ES-14080,Erin Smith,2017-12-02,CA-2017-157469,9,4657.92
DB-13270,Deborah Brumfield,2017-11-07,CA-2017-122504,8,4655.9
KT-16480,Kean Thornton,2017-09-21,CA-2017-123351,10,4642.09
SC-20050,Sample Company A,2017-11-20,CA-2017-154123,9,4624.57
EM-14140,Eugene Moren,2017-11-12,CA-2017-134915,6,4588.44
DB-13060,Dave Brooks,2017-12-14,CA-2017-107629,7,4531.65
AR-10825,Anthony Rawles,2017-11-02,CA-2017-141425,8,4523.34
AG-10900,Arthur Gainer,2017-09-25,CA-2017-116939,10,4510.8
AJ-10795,Anthony Johnson,2017-07-17,CA-2017-142342,7,4501.39
LC-16930,Linda Cazamias,2017-11-19,US-2017-137491,8,4492.95
SC-20770,Stewart Carmichael,2017-11-19,CA-2017-112529,7,4492.66
TP-21130,Theone Pippenger,2017-12-22,CA-2017-120376,9,4454.06
MC-17425,Mark Cousins,2016-11-26,CA-2016-133711,5,4432.14
JK-15205,Jamie Kunitz,2017-10-30,CA-2017-123491,5,4427.14
KW-16435,Katrina Willman,2017-09-25,CA-2017-144904,5,4416.52
BD-11500,Bradley Drucker,2017-11-25,US-2017-133312,6,4411.24
AI-10855,Arianne Irving,2017-12-17,CA-2017-116855,10,4375.79
SC-20230,Scot Coram,2017-08-03,CA-2017-141747,4,4371.96
EB-13840,Ellis Ballard,2017-10-01,CA-2017-156951,5,4358.13
GZ-14470,Gary Zandusky,2017-12-23,US-2017-123463,9,4355.15
SR-20740,Steven Roelle,2017-06-17,CA-2017-165323,8,4345.89
ND-18370,Natalie DeCherney,2017-12-03,CA-2017-128699,9,4326.14
MA-17560,Matt Abelman,2017-10-27,CA-2017-110373,11,4299.16
SP-20860,Sung Pak,2017-10-12,CA-2017-169362,10,4282.94
DK-12895,Dana Kaydos,2017-11-15,CA-2017-108112,5,4282.18
RD-19480,Rick Duston,2017-10-19,CA-2017-159457,8,4272.93
TC-21295,Toby Carlisle,2017-12-03,CA-2017-136875,8,4266.81
AS-10225,Alan Schoenberger,2017-12-08,CA-2017-117926,5,4260.78
FH-14275,Frank Hawley,2017-11-23,CA-2017-107832,10,4256.27
CB-12535,Claudia Bergmann,2017-06-16,CA-2017-136826,8,4246.46
TH-21550,Tracy Hopkins,2017-10-19,US-2017-120390,7,4234.1
BE-11335,Bill Eplett,2017-09-02,CA-2017-137596,5,4204.68
JF-15565,Jill Fjeld,2017-11-06,CA-2017-167941,8,4198.33
GH-14425,Gary Hwang,2017-11-10,CA-2017-141138,4,4172.85
RS-19765,Roland Schwarz,2017-11-24,CA-2017-128300,8,4159.77
MY-18295,Muhammed Yedwab,2017-10-20,US-2017-115252,11,4152.7
PM-19135,Peter McVee,2017-11-09,CA-2017-159667,4,4115.66
SV-20785,Stewart Visinsky,2017-02-13,CA-2017-151176,9,4105.31
DM-13345,Denise Monton,2017-12-08,CA-2017-108854,8,4074.47
FP-14320,Frank Preis,2017-12-07,CA-2017-137099,8,4046.75
SP-20920,Susan Pistek,2017-10-21,CA-2017-100356,6,3990.69
CM-12715,Craig Molinari,2015-03-01,CA-2015-133585,4,3984.45
MP-17965,Michael Paige,2017-10-19,CA-2017-125388,9,3983.64
SC-20305,Sean Christensen,2017-12-01,CA-2017-122539,7,3979.07
SJ-20125,Sanjit Jacobs,2017-09-26,CA-2017-129490,12,3949.66
LF-17185,Luke Foster,2017-12-08,CA-2017-148264,7,3930.51
PW-19240,Pierre Wener,2016-09-22,CA-2016-120257,7,3922.41
GA-14515,George Ashbrook,2017-08-03,US-2017-143175,8,3919.78
KH-16630,Ken Heidel,2017-11-02,CA-2017-164049,9,3918.97
CC-12220,Chris Cortes,2017-12-10,CA-2017-152695,12,3913.42
DB-13555,Dorothy Badders,2017-09-14,CA-2017-115882,7,3908.8
NP-18670,Nora Paige,2017-11-02,CA-2017-167227,5,3908.4
KC-16540,Kelly Collister,2017-09-24,CA-2017-108910,4,3908.26
FC-14335,Fred Chung,2017-06-29,US-2017-126081,7,3889.37
BS-11380,Bill Stewart,2017-12-02,US-2017-112347,5,3887.83
JS-15880,John Stevenson,2016-07-14,CA-2016-115483,5,3868.02
RA-19885,Ruben Ausman,2017-11-17,CA-2017-163629,7,3832.31
AT-10735,Annie Thurman,2017-12-17,CA-2017-103443,10,3831.86
OT-18730,Olvera Toch,2017-10-26,CA-2017-162173,5,3818.62
RO-19780,Rose O'Brian,2017-11-25,CA-2017-150266,7,3815.48
MC-17845,Michael Chen,2017-12-29,US-2017-102638,7,3805.71
MM-17920,Michael Moore,2017-12-23,CA-2017-121216,11,3794.08
CA-11965,Carol Adams,2017-09-25,CA-2017-122112,6,3789.72
MG-17650,Matthew Grinstein,2017-12-01,CA-2017-145660,7,3785.28
MD-17350,Maribeth Dona,2017-09-04,CA-2017-109757,7,3766.38
JK-15625,Jim Karlsson,2017-10-30,CA-2017-142622,7,3760.03
JK-16090,Juliana Krohn,2017-12-02,CA-2017-160885,3,3747.67
FM-14290,Frank Merwin,2017-11-24,CA-2017-146535,9,3736.2
SC-20260,Scott Cohen,2017-06-26,CA-2017-107132,8,3729.79
HG-15025,Hunter Glantz,2017-12-24,CA-2017-169978,7,3690.28
BP-11185,Ben Peterman,2017-12-29,CA-2017-146626,9,3675.86
LP-17095,Liz Preis,2017-12-21,CA-2017-106782,7,3653.4
CS-12400,Christopher Schild,2017-12-28,CA-2017-135111,9,3651.86
EB-13705,Ed Braxton,2017-11-12,CA-2017-134978,9,3644.98
JP-15520,Jeremy Pistek,2017-12-22,CA-2017-145310,7,3635.59
SZ-20035,Sam Zeldin,2017-11-25,CA-2017-129000,11,3625.33
RH-19495,Rick Hansen,2017-11-28,CA-2017-121538,5,3621.38
TB-21175,Thomas Boland,2017-11-02,CA-2017-143567,4,3589.3
GM-14440,Gary McGarr,2017-10-08,US-2017-168613,7,3582.82
DL-13495,Dionis Lloyd,2017-10-15,CA-2017-142643,8,3539.32
ES-14020,Erica Smith,2017-11-20,CA-2017-103499,5,3510.46
RW-19690,Robert Waldorf,2017-10-12,CA-2017-112431,5,3495.65
AG-10675,Anna Gayman,2017-09-24,CA-2017-163335,7,3489.04
ED-13885,Emily Ducich,2017-08-17,CA-2017-133102,8,3484.92
PW-19030,Pauline Webber,2017-11-14,CA-2017-137323,10,3454.92
SF-20200,Sarah Foster,2017-11-01,CA-2017-123967,9,3422.79
FC-14245,Frank Carlisle,2017-10-21,CA-2017-117422,7,3418.74
SH-19975,Sally Hughsby,2017-12-01,CA-2017-101805,13,3406.84
SG-20080,Sandra Glassco,2017-12-22,CA-2017-155376,3,3406.58
TS-21655,Trudy Schmidt,2017-05-06,CA-2017-133487,5,3368.09
SC-20020,Sam Craven,2015-11-10,CA-2015-147690,5,3362.96
VP-21760,Victoria Pisteka,2017-10-16,CA-2017-159100,7,3360.53
DJ-13630,Doug Jacobs,2017-12-18,CA-2017-115602,3,3356.4
DV-13465,Dianna Vittorini,2017-12-01,CA-2017-145233,6,3341.59
SF-20965,Sylvia Foulston,2017-11-12,CA-2017-122644,9,3336.54
DC-12850,Dan Campbell,2017-11-23,CA-2017-167017,9,3336.17
AP-10915,Arthur Prichep,2017-09-23,US-2017-132059,10,3323.56
DK-13375,Dennis Kane,2017-12-11,CA-2017-165099,8,3318.49
KH-16330,Katharine Harms,2017-11-20,CA-2017-120404,8,3312.86
RF-19345,Randy Ferguson,2016-12-05,CA-2016-145009,8,3309.15
RR-19525,Rick Reed,2017-07-13,CA-2017-102155,6,3302.26
BD-11605,Brian Dahlen,2017-09-24,CA-2017-144694,7,3288.47
BS-11665,Brian Stugart,2016-05-27,CA-2016-101791,3,3288.11
RW-19630,Rob Williams,2017-10-02,CA-2017-123981,9,3279.75
DL-12925,Daniel Lacy,2017-11-03,CA-2017-121615,6,3272.2
DK-12835,Damala Kotsonis,2017-12-09,CA-2017-139199,12,3256.48
AS-10090,Adam Shillingsburg,2017-12-02,US-2017-108063,9,3255.31
JO-15145,Jack O'Briant,2017-11-03,US-2017-168802,9,3254.95
AH-10075,Adam Hart,2017-11-26,CA-2017-165029,10,3250.34
HG-14965,Henry Goldwyn,2017-12-07,US-2017-122714,12,3247.64
LC-16960,Lindsay Castell,2016-10-20,CA-2016-105753,4,3246.63
CT-11995,Carol Triggs,2017-09-25,CA-2017-162481,8,3241.9
EB-13750,Edward Becker,2017-11-25,CA-2017-161459,10,3236.31
SR-20425,Sharelle Roach,2017-12-22,CA-2017-100412,5,3233.48
LW-16990,Lindsay Williams,2017-11-27,CA-2017-101245,6,3230.31
RS-19420,Ricardo Sperren,2017-10-15,CA-2017-164819,5,3221.29
AS-10285,Alejandro Savely,2017-12-11,CA-2017-149706,6,3214.24
MP-17470,Mark Packer,2016-01-11,CA-2016-141887,7,3206.13
CS-12355,Christine Sundaresam,2017-12-24,CA-2017-124296,11,3202.16
BT-11680,Brian Thompson,2017-12-10,CA-2017-158967,7,3196.75
DG-13300,Deirdre Greer,2017-11-28,CA-2017-123372,5,3195.82
JL-15505,Jeremy Lonsdale,2017-11-11,CA-2017-167976,6,3173.87
GM-14680,Greg Matthias,2017-07-31,CA-2017-126144,6,3163.63
JM-15250,Janet Martin,2017-11-23,CA-2017-119004,6,3159.12
CK-12205,Chloris Kastensmidt,2017-11-21,CA-2017-110443,13,3154.86
KB-16240,Karen Bern,2017-12-26,CA-2017-136238,7,3152.61
MS-17770,Maxwell Schwartz,2017-08-31,CA-2017-132619,9,3144.68
RD-19900,Ruben Dartt,2017-09-07,CA-2017-124401,9,3133.92
TN-21040,Tanja Norvell,2017-10-01,US-2017-139577,7,3130.22
SN-20710,Steve Nguyen,2017-10-12,CA-2017-152702,7,3127.96
SG-20605,Speros Goranitis,2017-09-13,CA-2017-139493,6,3124.83
KH-16360,Katherine Hughes,2017-12-29,US-2017-158526,6,3100.61
PG-18820,Patrick Gardner,2017-11-24,CA-2017-123701,13,3086.91
EH-14125,Eugene Hildebrand,2017-07-31,CA-2017-125752,10,3082.65
GM-14455,Gary Mitchum,2017-12-14,CA-2017-122595,6,3078.62
EB-14110,Eugene Barchas,2017-09-08,CA-2017-149895,6,3071.13
MG-18145,Mike Gockenbach,2017-10-07,CA-2017-108574,4,3061.54
TG-21310,Toby Gnade,2017-01-27,US-2017-104437,5,3058.37
KT-16465,Kean Takahito,2016-12-04,CA-2016-112060,7,3057.1
SS-20410,Shahid Shariari,2017-09-11,CA-2017-127726,6,3056.81
SL-20155,Sara Luxemburg,2017-10-21,CA-2017-145884,7,3053.01
AS-10045,Aaron Smayling,2017-10-03,CA-2017-101749,7,3050.69
CA-12775,Cynthia Arntzen,2017-09-01,CA-2017-145653,7,3041.57
CS-11950,Carlos Soltero,2017-12-05,US-2017-126053,11,3036.55
LS-16975,Lindsay Shagiari,2017-12-10,CA-2017-108294,9,2988.67
MH-18025,Michelle Huthwaite,2017-11-11,CA-2017-115448,5,2984.95
FA-14230,Frank Atkinson,2017-09-24,CA-2017-122364,7,2984.05
DB-13120,David Bremer,2017-11-12,CA-2017-160514,7,2973.09
NS-18640,Noel Staavos,2017-07-09,CA-2017-115651,13,2964.82
TM-21010,Tamara Manning,2017-09-18,CA-2017-134439,8,2955.23
CK-12325,Christine Kargatis,2017-09-01,US-2017-135230,5,2945.32
TH-21115,Thea Hudgings,2017-11-02,CA-2017-127782,4,2942.77
LT-17110,Liz Thompson,2017-11-26,CA-2017-122700,8,2936.25
BC-11125,Becky Castell,2017-06-11,US-2017-120418,9,2933.68
JK-16120,Julie Kriz,2017-09-04,CA-2017-100783,10,2932.48
SW-20455,Shaun Weien,2017-07-21,CA-2017-145429,7,2921.54
ML-17410,Maris LaWare,2017-11-06,CA-2017-154109,6,2921.5
RD-19585,Rob Dowd,2017-07-03,CA-2017-111647,10,2912.89
CY-12745,Craig Yedwab,2017-10-31,CA-2017-117114,8,2900.03
ND-18460,Neil Ducich,2017-06-30,CA-2017-164112,6,2893.45
MT-17815,Meg Tillman,2017-11-11,CA-2017-154137,6,2890.14
BF-11020,Barry Französisch,2017-10-17,CA-2017-114804,8,2888.51
DS-13180,David Smith,2017-12-07,CA-2017-134285,9,2881.81
PV-18985,Paul Van Hugh,2017-10-02,CA-2017-105914,5,2876.05
IM-15055,Ionia McGrath,2016-11-16,CA-2016-124527,3,2872.63
CC-12430,Chuck Clark,2017-12-30,CA-2017-126221,10,2870.05
CC-12685,Craig Carroll,2015-10-23,CA-2015-109190,4,2854.12
AW-10930,Arthur Wiediger,2017-11-14,US-2017-118157,7,2852.97
EA-14035,Erin Ashbrook,2017-07-31,CA-2017-121909,13,2846.7
LS-16945,Linda Southworth,2017-07-05,CA-2017-100223,6,2845.27
DB-12970,Darren Budd,2017-05-03,CA-2017-132178,5,2839.23
JM-16195,Justin MacKendrick,2017-11-03,CA-2017-130834,10,2833.93
CV-12295,Christina VanderZanden,2017-04-20,CA-2017-119655,5,2830.63
TS-21610,Troy Staebel,2017-11-05,US-2017-107272,7,2820.42
GH-14410,Gary Hansen,2017-10-16,CA-2017-159282,9,2819.47
BG-11035,Barry Gonzalez,2017-12-02,CA-2017-165715,8,2798.95
TB-21625,Trudy Brown,2017-11-30,US-2017-165456,9,2797.67
RD-19660,Robert Dilbeck,2017-09-07,CA-2017-103877,5,2786.63
JC-15775,John Castell,2017-07-25,CA-2017-121293,9,2772.05
PF-19165,Philip Fox,2017-06-17,CA-2017-118437,6,2770.0
EB-13870,Emily Burns,2017-09-21,CA-2017-169817,10,2767.22
CS-12250,Chris Selesnick,2017-12-04,CA-2017-153227,12,2754.22
MM-18055,Michelle Moray,2017-10-30,CA-2017-127285,8,2749.88
KB-16585,Ken Black,2017-05-14,CA-2017-129357,12,2744.74
LL-16840,Lauren Leatherbury,2017-04-25,CA-2017-120222,6,2741.2
MC-17275,Marc Crier,2017-10-15,CA-2017-154949,8,2725.98
JL-15850,John Lucas,2016-04-25,US-2016-150147,6,2725.26
ML-17395,Marina Lichtenstein,2017-10-22,CA-2017-156363,9,2722.84
JK-15370,Jay Kimmel,2017-11-16,CA-2017-100601,8,2709.63
JE-16165,Justin Ellison,2017-12-10,US-2017-135503,3,2697.25
BT-11530,Bradley Talbott,2017-09-30,CA-2017-123029,5,2684.49
BO-11350,Bill Overfelt,2017-08-15,CA-2017-144883,5,2682.73
FO-14305,Frank Olsen,2017-11-22,CA-2017-144036,10,2678.44
NH-18610,Nicole Hansen,2017-06-24,CA-2017-100384,7,2673.29
RB-19435,Richard Bierner,2017-12-11,CA-2017-153871,8,2663.09
EJ-14155,Eva Jacobs,2017-11-03,US-2017-110989,5,2656.69
DK-13090,Dave Kipp,2017-11-18,CA-2017-104913,7,2650.56
CA-12265,Christina Anderson,2017-11-04,CA-2017-102610,9,2648.29
LC-17140,Logan Currie,2017-12-17,US-2017-116701,9,2633.58
RA-19285,Ralph Arnett,2017-12-25,CA-2017-161480,9,2617.91
KN-16390,Katherine Nockton,2017-12-11,CA-2017-129581,9,2617.27
SO-20335,Sean O'Donnell,2017-12-01,CA-2017-166926,6,2602.58
SU-20665,Stephanie Ulpright,2017-12-10,CA-2017-148922,7,2595.36
HA-14920,Helen Andreada,2017-12-10,CA-2017-157651,8,2584.16
AG-10270,Alejandro Grove,2017-03-27,CA-2017-139416,5,2582.9
LC-16870,Lena Cacioppo,2017-12-03,CA-2017-118017,8,2580.7
SC-20695,Steve Chapman,2017-10-02,CA-2017-152926,10,2576.41
NS-18505,Neola Schneider,2017-12-24,CA-2017-121195,4,2575.86
BT-11305,Beth Thompson,2017-01-28,CA-2017-115994,5,2567.66
EM-13810,Eleni McCrary,2017-08-20,CA-2017-137344,5,2567.01
MZ-17515,Mary Zewe,2017-03-23,CA-2017-136511,6,2564.91
BS-11755,Bruce Stewart,2017-12-29,CA-2017-130631,7,2562.38
DE-13255,Deanra Eno,2016-01-11,CA-2016-126529,5,2550.87
CC-12610,Corey Catlett,2017-11-26,CA-2017-155957,7,2540.63
AC-10615,Ann Chong,2017-12-24,CA-2017-169411,5,2537.69
CM-12160,Charles McCrossin,2017-12-04,CA-2017-156412,6,2533.31
HF-14995,Herbert Flentye,2017-12-09,CA-2017-129833,7,2533.16
FM-14380,Fred McMath,2017-08-07,CA-2017-163321,9,2523.27
JB-16045,Julia Barnett,2017-12-23,CA-2017-110625,5,2518.12
JS-16030,Joy Smith,2017-12-02,US-2017-147221,6,2516.49
DJ-13510,Don Jones,2017-11-12,US-2017-132220,8,2501.69
AH-10465,Amy Hunt,2017-05-14,CA-2017-115546,5,2495.39
PO-18865,Patrick O'Donnell,2017-12-30,CA-2017-143259,7,2493.21
NZ-18565,Nick Zandusky,2017-10-06,US-2017-148054,9,2488.31
MN-17935,Michael Nguyen,2017-11-26,CA-2017-100097,6,2477.95
BP-11290,Beth Paige,2017-12-18,CA-2017-156664,7,2475.16
CC-12145,Charles Crestani,2017-09-15,CA-2017-146185,7,2471.65
NC-18340,Nat Carroll,2017-05-20,CA-2017-111332,5,2461.4
FM-14215,Filia McAdams,2017-12-23,CA-2017-127929,10,2456.64
MH-17455,Mark Hamilton,2017-10-06,CA-2017-146269,8,2456.18
BS-11590,Brendan Sweed,2017-11-25,US-2017-109610,6,2454.93
VM-21685,Valerie Mitchum,2017-11-06,CA-2017-107720,7,2454.87
GZ-14545,George Zrebassa,2017-07-26,US-2017-167318,4,2454.62
MA-17995,Michelle Arnett,2017-06-27,CA-2017-123638,6,2453.28
BP-11095,Bart Pistole,2017-12-13,CA-2017-135377,12,2442.04
MC-17590,Matt Collister,2017-11-09,CA-2017-159597,6,2426.07
TH-21100,Thea Hendricks,2017-01-20,CA-2017-161809,5,2422.82
MH-17290,Marc Harrigan,2017-09-02,CA-2017-169327,6,2394.03
DF-13135,David Flashing,2016-01-30,CA-2016-168032,3,2390.53
XP-21865,Xylona Preis,2017-11-17,CA-2017-138163,11,2374.66
CK-12595,Clytie Kelty,2017-11-17,CA-2017-100902,11,2372.75
JF-15415,Jennifer Ferguson,2017-12-28,CA-2017-164826,6,2371.45
CV-12805,Cynthia Voltz,2017-12-25,CA-2017-146780,9,2370.31
NR-18550,Nick Radford,2017-06-03,CA-2017-140872,5,2367.28
JG-15115,Jack Garza,2015-12-03,CA-2015-123092,3,2358.68
AG-10495,Andrew Gjertsen,2017-10-13,CA-2017-132976,8,2356.86
CL-12700,Craig Leslie,2017-09-16,CA-2017-141446,5,2353.59
MG-17680,Maureen Gastineau,2017-09-29,CA-2017-121300,4,2350.19
RF-19735,Roland Fjeld,2017-10-02,CA-2017-126074,7,2341.3
EM-13825,Elizabeth Moffitt,2017-11-05,CA-2017-114258,8,2339.6
DB-13210,Dean Braden,2017-12-21,CA-2017-165841,10,2332.58
CM-12235,Chris McAfee,2016-12-10,CA-2016-144309,5,2305.71
MK-17905,Michael Kennedy,2017-12-02,CA-2017-164917,8,2302.37
LH-16900,Lena Hernandez,2017-12-09,US-2017-103814,9,2295.33
KN-16705,Kristina Nunn,2017-09-23,CA-2017-138422,8,2280.58
JF-15190,Jamie Frazer,2017-10-26,US-2017-110646,7,2279.59
FH-14350,Fred Harton,2017-06-01,CA-2017-106831,4,2271.28
CC-12670,Craig Carreira,2017-12-01,CA-2017-163139,7,2269.7
BE-11410,Bobby Elias,2017-09-23,CA-2017-121314,5,2261.44
KM-16225,Kalyca Meade,2017-12-16,CA-2017-137463,6,2260.96
MC-17605,Matt Connell,2017-09-09,US-2017-146213,8,2258.19
JH-16180,Justin Hirsh,2016-11-21,US-2016-114293,4,2256.39
MY-17380,Maribeth Yedwab,2017-12-01,CA-2017-138618,7,2254.28
KD-16615,Ken Dana,2017-03-16,CA-2017-129294,5,2243.51
TS-21505,Tony Sayre,2017-12-19,CA-2017-116946,6,2243.27
JG-15310,Jason Gross,2017-12-28,CA-2017-101322,6,2240.58
LW-16825,Laurel Workman,2017-10-03,CA-2017-144820,5,2238.06
AR-10405,Allen Rosenblatt,2017-08-27,US-2017-134481,5,2236.13
GG-14650,Greg Guthrie,2017-11-17,CA-2017-118122,9,2224.0
NC-18415,Nathan Cano,2017-11-19,CA-2017-131254,6,2218.99
MC-18100,Mick Crebagga,2017-11-19,CA-2017-126242,10,2218.98
DP-13105,Dave Poirier,2017-12-24,CA-2017-163671,8,2215.0
PF-19225,Phillip Flathmann,2017-09-07,US-2017-130687,5,2206.13
MH-17785,Maya Herman,2017-09-23,CA-2017-103520,7,2203.78
JL-15235,Janet Lee,2017-09-02,US-2017-163657,5,2203.7
JR-16210,Justin Ritter,2017-11-27,CA-2017-159506,5,2201.69
EN-13780,Edward Nazzal,2017-03-18,CA-2017-160087,4,2199.37
TB-21280,Toby Braunhardt,2016-05-26,CA-2016-157266,6,2198.45
GW-14605,Giulietta Weimer,2017-12-02,CA-2017-155075,7,2189.02
BT-11395,Bill Tyler,2017-03-03,CA-2017-117513,6,2186.61
PS-18760,Pamela Stobb,2017-09-14,CA-2017-156237,6,2181.48
SH-20395,Shahid Hopkins,2017-12-07,CA-2017-157980,10,2180.72
KN-16450,Kean Nguyen,2017-11-08,CA-2017-155621,5,2171.96
DB-12910,Daniel Byrd,2017-12-09,CA-2017-141201,8,2171.6
RP-19855,Roy Phan,2017-12-02,CA-2017-104108,8,2170.72
TS-21160,Theresa Swint,2016-08-13,CA-2016-156251,6,2163.62
HA-14905,Helen Abelman,2017-10-22,CA-2017-130141,7,2163.3
EJ-13720,Ed Jacobs,2017-03-03,CA-2017-123085,4,2162.17
NM-18520,Neoma Murray,2017-04-30,US-2017-107636,10,2161.98
JD-15790,John Dryer,2017-09-04,CA-2017-152485,5,2152.35
CR-12580,Clay Rozendal,2017-11-03,US-2017-105998,4,2148.85
DN-13690,Duane Noonan,2017-05-27,CA-2017-136882,7,2139.79
KC-16255,Karen Carlisle,2016-11-18,US-2016-138408,6,2120.95
SH-20635,Stefanie Holloman,2015-11-26,CA-2015-166975,2,2096.39
LC-17050,Liz Carlisle,2017-11-06,US-2017-119319,5,2095.06
RH-19600,Rob Haberlin,2016-07-14,CA-2016-101378,3,2085.74
TG-21640,Trudy Glocke,2017-09-07,CA-2017-128783,4,2074.66
ML-17755,Max Ludwig,2017-12-01,CA-2017-103968,7,2071.91
RB-19705,Roger Barcio,2017-11-06,US-2017-109484,4,2067.45
TS-21430,Tom Stivers,2017-07-11,CA-2017-136623,5,2054.14
AF-10870,Art Ferguson,2017-11-19,US-2017-139969,7,2052.91
CD-11920,Carlos Daly,2017-11-20,CA-2017-111556,5,2033.97
NF-18595,Nicole Fjeld,2017-09-07,CA-2017-100335,7,2031.47
DJ-13420,Denny Joy,2016-04-02,CA-2016-123540,4,2012.52
VB-21745,Victoria Brennan,2017-11-06,CA-2017-154816,6,2005.6
HP-14815,Harold Pawlan,2017-11-30,CA-2017-111689,7,1990.31
DB-13615,Doug Bickford,2017-11-27,CA-2017-132185,7,1989.05
PG-18895,Paul Gonzalez,2017-11-03,CA-2017-148320,9,1987.16
NB-18655,Nona Balk,2017-12-11,US-2017-125213,9,1972.6
SW-20275,Scott Williamson,2017-11-30,CA-2017-119305,6,1966.65
LD-17005,Lisa DeCherney,2016-11-11,CA-2016-139878,4,1961.93
CB-12415,Christy Brittain,2017-12-04,CA-2017-152660,8,1949.2
TP-21565,Tracy Poddar,2017-01-14,US-2017-106131,4,1936.64
JO-15280,Jas O'Carroll,2017-09-29,CA-2017-118402,6,1934.27
JF-15355,Jay Fein,2017-09-16,CA-2017-144113,6,1911.84
ME-17725,Max Engle,2017-12-02,CA-2017-143756,8,1908.45
SV-20935,Susan Vittorini,2017-12-28,CA-2017-122798,8,1903.49
KD-16345,Katherine Ducich,2017-11-19,CA-2017-121468,6,1888.96
GD-14590,Giulietta Dortch,2017-12-25,CA-2017-162880,4,1888.07
SG-20470,Sheri Gordon,2017-06-30,US-2017-102890,8,1884.8
LR-17035,Lisa Ryan,2017-08-20,CA-2017-119011,5,1879.31
SC-20440,Shaun Chance,2017-11-24,CA-2017-131366,7,1875.0
BG-11695,Brooke Gillingham,2017-11-24,CA-2017-105543,6,1874.17
SP-20650,Stephanie Phelps,2016-12-09,CA-2016-149503,9,1872.44
NG-18355,Nat Gilpin,2017-11-12,US-2017-116659,5,1869.58
CD-12790,Cynthia Delaney,2016-11-26,CA-2016-145135,5,1860.73
SN-20560,Skye Norling,2017-09-10,CA-2017-152093,6,1860.42
PR-18880,Patrick Ryan,2017-11-24,CA-2017-162250,5,1840.18
AJ-10945,Ashley Jarboe,2017-10-06,CA-2017-137421,7,1839.24
PC-18745,Pamela Coakley,2017-12-28,US-2017-162068,4,1832.06
EG-13900,Emily Grady,2017-12-08,US-2017-167570,5,1832.02
PJ-19015,Pauline Johnson,2017-08-18,CA-2017-163069,7,1824.23
NC-18625,Noah Childs,2017-06-09,CA-2017-100951,5,1821.74
JM-15265,Janet Molinari,2017-11-23,CA-2017-149160,5,1804.15
JB-15400,Jennifer Braxton,2017-12-23,CA-2017-117443,10,1791.61
AA-10480,Andrew Allen,2017-04-15,CA-2017-114412,4,1790.51
CC-12100,Chad Cunningham,2016-09-29,CA-2016-161781,6,1770.94
DS-13030,Darrin Sayre,2017-09-28,US-2017-125717,4,1762.21
MF-18250,Monica Federle,2017-12-23,US-2017-162670,5,1758.3
AH-10030,Aaron Hawkins,2017-12-18,CA-2017-164000,7,1744.7
LH-17155,Logan Haushalter,2016-12-10,CA-2016-154739,9,1739.69
BW-11200,Ben Wallace,2017-06-10,CA-2017-143343,6,1738.41
VT-21700,Valerie Takahito,2015-04-05,CA-2015-167010,2,1736.6
AH-10120,Adrian Hane,2017-10-31,CA-2017-131632,7,1735.51
MV-18190,Mike Vittorini,2017-12-11,CA-2017-101798,7,1734.57
JM-15535,Jessica Myrick,2017-09-19,US-2017-148866,7,1733.44
BE-11455,Brad Eason,2017-04-20,US-2017-166324,6,1727.65
DB-13405,Denny Blanton,2017-06-26,CA-2017-157091,4,1711.69
JP-16135,Julie Prescott,2017-09-19,CA-2017-139787,9,1707.71
TZ-21580,Tracy Zic,2017-11-25,CA-2017-101665,4,1707.29
BP-11155,Becky Pak,2017-10-02,CA-2017-147564,6,1697.86
DK-12985,Darren Koutras,2017-12-23,CA-2017-140627,5,1687.04
MO-17800,Meg O'Connel,2017-09-17,CA-2017-157931,8,1687.03
RA-19945,Ryan Akin,2017-10-30,CA-2017-152583,5,1686.92
KE-16420,Katrina Edelman,2017-12-04,CA-2017-147550,8,1686.73
CA-12055,Cathy Armstrong,2016-11-24,CA-2016-125661,5,1679.72
CM-11815,Candace McMahon,2017-08-21,CA-2017-121489,6,1673.89
JP-15460,Jennifer Patt,2017-11-23,CA-2017-156622,7,1669.13
CM-12115,Chad McGuire,2017-12-22,CA-2017-149699,4,1661.61
CC-12475,Cindy Chapman,2017-11-21,CA-2017-100811,9,1659.44
EB-13975,Erica Bern,2017-12-30,CA-2017-115427,4,1643.26
AP-10720,Anne Pryor,2017-11-19,CA-2017-143021,8,1638.55
AZ-10750,Annie Zypern,2017-07-23,CA-2017-110940,6,1622.02
MS-17710,Maurice Satty,2016-11-12,CA-2016-134348,6,1613.4
TB-21250,Tim Brockman,2017-01-15,US-2017-104661,7,1602.38
CR-12730,Craig Reiter,2017-10-13,CA-2017-116519,4,1600.55
AH-10195,Alan Haines,2017-11-05,CA-2017-154732,4,1587.45
BF-11215,Benjamin Farhat,2017-10-26,CA-2017-102729,4,1585.16
CK-12760,Cyma Kinney,2017-10-09,US-2017-117247,9,1582.11
MC-18130,Mike Caudle,2016-12-26,CA-2016-129868,5,1582.0
JL-15175,James Lanier,2017-12-24,CA-2017-128734,5,1571.52
KB-16315,Karl Braun,2017-03-09,CA-2017-147354,9,1569.46
GB-14530,George Bell,2017-10-29,CA-2017-160983,11,1568.44
ON-18715,Odella Nelson,2016-11-15,CA-2016-130820,9,1567.52
MV-17485,Mark Van Huff,2017-12-03,CA-2017-103415,9,1560.05
MB-17305,Maria Bertelson,2017-11-12,CA-2017-149944,10,1548.7
BD-11620,Brian DeCherney,2017-10-22,CA-2017-130211,6,1538.11
CH-12070,Cathy Hwang,2016-02-08,CA-2016-109344,3,1537.24
BD-11725,Bruce Degenhardt,2017-09-28,CA-2017-101574,6,1526.5
BV-11245,Benjamin Venier,2017-01-30,CA-2017-104220,5,1523.27
KA-16525,Kelly Andreada,2017-11-24,CA-2017-168641,7,1519.51
AB-10600,Ann Blume,2017-11-10,US-2017-155425,4,1515.86
JG-15805,John Grady,2017-05-21,CA-2017-167899,6,1507.02
DL-12865,Dan Lawera,2017-09-21,US-2017-146878,8,1503.11
ZD-21925,Zuschuss Donatelli,2017-06-11,CA-2017-141481,5,1493.94
CM-12190,Charlotte Melton,2017-12-22,CA-2017-146164,6,1475.14
LE-16810,Laurel Elliston,2017-12-09,CA-2017-108329,6,1469.45
TB-21055,Ted Butterfield,2017-09-02,CA-2017-145037,5,1467.88
PN-18775,Parhena Norris,2017-11-30,US-2017-148768,8,1467.15
RK-19300,Ralph Kennedy,2017-09-02,CA-2017-114216,3,1460.19
BN-11515,Bradley Nguyen,2017-12-21,CA-2017-163405,5,1459.34
DL-13315,Delfina Latchford,2017-12-08,CA-2017-145226,8,1458.26
PB-19150,Philip Brown,2017-09-24,CA-2017-142391,8,1456.95
AG-10525,Andy Gerbode,2015-09-07,CA-2015-164084,4,1455.04
RM-19375,Raymond Messe,2017-01-19,US-2017-127292,6,1453.47
PK-18910,Paul Knutson,2016-09-03,CA-2016-158099,2,1441.15
TD-20995,Tamara Dahlen,2017-11-23,CA-2017-103156,9,1434.55
JW-16075,Julia West,2016-09-25,CA-2016-101385,4,1428.73
MB-18085,Mick Brown,2017-11-16,CA-2017-122945,7,1428.23
TT-21220,Thomas Thornton,2017-06-30,US-2017-113201,8,1427.04
CA-12310,Christine Abelman,2017-12-17,CA-2017-120936,4,1421.95
RD-19720,Roger Demir,2017-12-09,US-2017-132927,10,1419.74
NL-18310,Nancy Lomonaco,2017-11-02,US-2017-163790,4,1418.09
JS-15595,Jill Stevenson,2017-09-02,CA-2017-111220,4,1417.65
PM-18940,Paul MacIntyre,2016-12-09,CA-2016-102092,3,1405.4
GA-14725,Guy Armstrong,2017-12-25,CA-2017-134194,11,1398.38
CR-12820,Cyra Reiten,2017-10-06,US-2017-136868,3,1397.87
NG-18430,Nathan Gelder,2017-11-12,CA-2017-130386,5,1395.94
JE-15475,Jeremy Ellison,2017-06-20,CA-2017-132934,6,1388.68
TB-21595,Troy Blackwell,2017-03-20,CA-2017-154214,5,1387.56
FG-14260,Frank Gastineau,2017-11-26,CA-2017-155607,7,1383.14
DM-13525,Don Miller,2016-09-05,CA-2016-149195,3,1376.79
GH-14485,Gene Hale,2016-12-08,CA-2016-117590,2,1361.24
SB-20170,Sarah Bern,2017-06-12,CA-2017-108441,3,1348.02
LM-17065,Liz MacKendrick,2016-12-04,CA-2016-105277,5,1346.77
MG-17695,Maureen Gnade,2016-06-23,US-2016-142685,3,1342.28
SJ-20215,Sarah Jordon,2017-12-01,CA-2017-113355,6,1341.04
BM-11785,Bryan Mills,2017-05-26,CA-2017-152968,10,1338.84
BF-11005,Barry Franz,2017-11-21,CA-2017-103380,4,1333.88
SS-20140,Saphhira Shifley,2017-12-15,CA-2017-136063,8,1324.03
DM-12955,Dario Medina,2017-09-07,CA-2017-128769,7,1322.03
MT-18070,Michelle Tran,2017-06-10,CA-2017-140963,4,1319.45
SJ-20500,Shirley Jackson,2017-04-21,US-2017-152366,5,1318.78
MM-17260,Magdelene Morse,2017-07-15,CA-2017-166142,4,1314.02
SP-20545,Sibella Parks,2017-02-06,US-2017-101840,6,1306.09
MC-17575,Matt Collins,2017-12-03,US-2017-149510,8,1303.89
EK-13795,Eileen Kiefer,2017-11-16,CA-2017-108091,4,1303.48
Co-12640,Corey-Lock,2016-06-29,CA-2016-140543,5,1300.08
DO-13435,Denny Ordway,2017-08-19,US-2017-100398,9,1300.03
HR-14770,Hallie Redmond,2017-12-17,CA-2017-106964,5,1299.29
GR-14560,Georgia Rosenberg,2014-11-21,CA-2014-103401,2,1284.38
CS-11845,Cari Sayre,2017-09-30,CA-2017-147452,5,1278.95
PS-18970,Paul Stevenson,2017-10-22,US-2017-111920,8,1278.64
SV-20815,Stuart Van,2017-10-15,CA-2017-100237,4,1271.09
DO-13645,Doug O'Connell,2017-12-04,CA-2017-118003,7,1267.32
CL-11890,Carl Ludwig,2017-09-15,CA-2017-121888,4,1262.01
LW-17125,Liz Willingham,2017-06-08,CA-2017-117436,3,1259.04
ME-18010,Michelle Ellison,2017-09-29,CA-2017-148138,4,1256.94
GM-14500,Gene McClure,2017-09-15,CA-2017-134418,10,1255.68
SC-20680,Steve Carroll,2017-08-26,CA-2017-128475,6,1254.64
MH-17620,Matt Hagelstein,2017-07-28,CA-2017-130841,4,1252.8
ER-13855,Elpida Rittenbach,2016-11-04,CA-2016-162236,3,1245.79
TC-21475,Tony Chapman,2017-07-30,CA-2017-155740,9,1244.98
JW-15955,Joni Wasserman,2017-12-25,CA-2017-163510,7,1244.09
MG-17875,Michael Grace,2017-09-05,CA-2017-120705,5,1242.83
NP-18685,Nora Pelletier,2016-11-19,CA-2016-113138,6,1228.7
PJ-18835,Patrick Jones,2017-11-21,CA-2017-105130,8,1220.09
EH-14005,Erica Hernandez,2017-12-28,CA-2017-127516,7,1219.53
JL-15130,Jack Lebron,2017-12-22,CA-2017-150910,6,1214.96
CD-12280,Christina DeMoss,2017-11-18,US-2017-132444,2,1205.58
MD-17860,Michael Dominguez,2017-11-24,CA-2017-153654,5,1204.91
DW-13585,Dorothy Wardle,2017-05-02,CA-2017-123134,7,1204.85
EB-14170,Evan Bailliet,2017-10-09,CA-2017-162635,6,1186.33
BP-11230,Benjamin Patterson,2017-11-21,CA-2017-142888,5,1181.49
DC-13285,Debra Catini,2017-12-07,US-2017-136189,5,1174.62
AT-10435,Alyssa Tate,2017-12-09,CA-2017-102407,6,1171.81
JR-15670,Jim Radford,2016-05-16,CA-2016-122133,2,1156.66
DB-13660,Duane Benoit,2017-12-18,CA-2017-105886,7,1155.2
CG-12520,Claire Gute,2017-01-26,CA-2017-164098,3,1148.78
KC-16675,Kimberly Carter,2017-11-03,CA-2017-142636,4,1146.05
RD-19810,Ross DeVincentis,2017-12-16,CA-2017-104381,8,1137.62
CW-11905,Carl Weiss,2017-12-08,CA-2017-152436,6,1136.59
JS-15685,Jim Sink,2017-11-18,CA-2017-104864,4,1131.06
DV-13045,Darrin Van Huff,2017-12-11,CA-2017-168389,5,1119.48
AB-10165,Alan Barnes,2017-12-05,CA-2017-131212,8,1113.84
TM-21490,Tony Molinari,2017-08-22,CA-2017-131037,3,1094.68
JO-15550,Jesus Ocampo,2017-05-29,CA-2017-144568,5,1090.84
SW-20245,Scot Wooten,2017-10-10,CA-2017-111717,7,1085.08
JF-15490,Jeremy Farry,2017-08-31,CA-2017-159884,11,1082.92
DB-13360,Dennis Bolton,2017-04-10,CA-2017-150623,5,1081.47
DW-13195,David Wiener,2017-10-22,CA-2017-101581,6,1080.75
CS-12490,Cindy Schnelling,2016-11-01,CA-2016-100671,4,1077.23
PC-19000,Pauline Chand,2015-08-01,CA-2015-153388,2,1061.49
DP-13165,David Philippe,2015-10-10,CA-2015-112522,2,1058.62
JC-15385,Jenna Caffey,2017-07-08,CA-2017-108560,1,1058.11
PO-19195,Phillina Ober,2017-10-05,US-2017-103247,5,1056.86
AA-10375,Allen Armold,2017-12-11,CA-2017-100230,9,1056.39
VS-21820,Vivek Sundaresam,2017-05-23,CA-2017-167003,4,1055.98
AR-10345,Alex Russell,2017-09-10,CA-2017-126438,4,1055.69
DP-13000,Darren Powers,2017-08-26,CA-2017-157350,9,1050.64
DH-13675,Duane Huffman,2015-11-15,CA-2015-145324,4,1043.1
SM-20905,Susan MacKendrick,2016-05-03,CA-2016-129280,1,1043.04
EM-14095,Eudokia Martin,2017-09-08,CA-2017-132437,4,1041.04
TC-21145,Theresa Coyne,2017-09-15,CA-2017-124205,1,1038.26
MK-18160,Mike Kennedy,2017-05-04,CA-2017-128755,4,1031.6
TH-21235,Tiffany House,2017-09-04,CA-2017-117261,8,1022.2
SW-20350,Sean Wendt,2017-07-21,US-2017-160465,3,1019.04
LS-17200,Luke Schmidt,2017-09-25,CA-2017-169929,6,1010.26
RB-19330,Randy Bradley,2017-10-23,CA-2017-106068,2,1008.2
LS-17245,Lynn Smith,2017-11-26,CA-2017-135307,6,1008.14
BG-11740,Bruce Geld,2017-11-03,CA-2017-135419,6,1006.36
VP-21730,Victor Preis,2017-11-30,CA-2017-105333,3,993.9
KB-16600,Ken Brennan,2017-12-29,CA-2017-158673,7,983.92
BP-11050,Barry Pond,2017-10-08,CA-2017-151596,5,983.42
TS-21340,Toby Swindell,2017-05-18,CA-2017-117863,5,974.78
RD-19930,Russell D'Ascenzo,2017-11-18,CA-2017-160122,4,970.94
AB-10150,Aimee Bixby,2017-11-19,CA-2017-158876,5,966.71
RC-19825,Roy Collins,2016-12-26,CA-2016-114538,6,966.41
SS-20875,Sung Shariari,2017-09-01,CA-2017-107909,5,964.64
JH-15910,Jonathan Howell,2017-11-19,US-2017-152380,7,959.48
JF-15295,Jason Fortune-,2017-05-19,CA-2017-122077,5,955.12
RP-19270,Rachel Payne,2016-08-21,CA-2016-167983,4,954.65
BS-11800,Bryan Spruell,2017-04-09,CA-2017-135279,2,949.43
RF-19840,Roy Französisch,2017-12-24,CA-2017-117933,8,945.22
EB-13930,Eric Barreto,2017-07-22,US-2017-106551,5,944.6
MF-17665,Maureen Fritzler,2016-11-04,CA-2016-165827,5,937.04
EM-13960,Eric Murdock,2017-08-01,CA-2017-168942,5,933.7
AC-10420,Alyssa Crouse,2017-05-12,US-2017-158218,3,925.8
EH-14185,Evan Henry,2017-09-16,CA-2017-112984,6,923.88
MO-17500,Mary O'Rourke,2017-10-19,CA-2017-117653,4,922.49
AB-10255,Alejandro Ballentine,2017-07-17,CA-2017-126662,9,914.53
KB-16405,Katrina Bavinger,2017-09-04,CA-2017-101182,3,908.82
CG-12040,Catherine Glotzbach,2017-11-11,CA-2017-143217,6,904.47
SC-20575,Sonia Cooley,2017-09-29,US-2017-141509,5,902.73
JB-15925,Joni Blumstein,2015-12-24,CA-2015-169397,3,900.55
HZ-14950,Henia Zydlo,2017-11-25,CA-2017-124765,5,886.52
AB-10015,Aaron Bergman,2016-11-10,CA-2016-140935,3,886.16
RC-19960,Ryan Crowe,2017-09-11,CA-2017-112774,6,885.75
CS-12130,Chad Sievert,2016-08-28,US-2016-144211,4,884.64
HE-14800,Harold Engle,2017-12-18,CA-2017-143252,4,883.53
SK-19990,Sally Knutson,2017-12-22,CA-2017-119193,3,883.41
RE-19450,Richard Eichhorn,2017-03-03,CA-2017-127621,5,876.7
JM-15655,Jim Mitchum,2017-12-22,CA-2017-115931,5,864.95
JR-15700,Jocasta Rupert,2017-10-23,CA-2017-117079,1,863.88
AF-10885,Art Foster,2016-11-10,CA-2016-115588,4,861.56
JC-16105,Julie Creighton,2017-11-03,CA-2017-126046,5,858.58
MS-17980,Michael Stewart,2017-12-04,CA-2017-117667,6,855.12
VF-21715,Vicky Freymann,2017-12-17,CA-2017-107342,5,847.94
VG-21790,Vivek Gonzalez,2017-07-29,US-2017-115301,6,846.01
CS-12175,Charles Sheldon,2017-05-12,CA-2017-117632,5,844.46
TB-21355,Todd Boyes,2017-08-06,CA-2017-136609,5,834.33
AS-10630,Ann Steele,2017-09-29,CA-2017-100314,7,833.4
EH-13990,Erica Hackney,2016-11-20,CA-2016-107790,6,825.95
TB-21190,Thomas Brumley,2017-11-11,CA-2017-148985,4,816.17
AM-10360,Alice McCarthy,2017-12-02,CA-2017-109701,5,814.01
BM-11575,Brendan Murry,2017-09-21,CA-2017-165155,6,808.16
DK-13150,David Kendrick,2017-12-20,CA-2017-102197,2,797.83
MC-17635,Matthew Clasen,2017-06-24,US-2017-151316,4,795.15
BF-11275,Beth Fritzler,2017-11-03,CA-2017-161130,3,791.99
HG-14845,Harry Greene,2017-11-06,CA-2017-150504,5,785.63
MG-17890,Michael Granlund,2017-09-22,CA-2017-102967,9,776.38
MM-18280,Muhammed MacIntyre,2017-10-06,CA-2017-109099,9,775.41
SF-20065,Sandra Flanagan,2017-11-01,CA-2017-104136,7,763.55
SW-20755,Steven Ward,2016-07-14,CA-2016-137050,2,758.7
LP-17080,Liz Pelletier,2017-11-20,CA-2017-118731,4,756.61
Dl-13600,Dorris liebe,2017-09-02,CA-2017-114552,5,755.6
IG-15085,Ivan Gibson,2017-10-20,CA-2017-158743,4,744.57
BB-10990,Barry Blumstein,2017-09-16,CA-2017-118136,5,744.34
TC-21535,Tracy Collins,2017-12-26,CA-2017-112487,7,742.56
ML-18040,Michelle Lonsdale,2017-10-12,CA-2017-168655,3,742.08
RH-19555,Ritsa Hightower,2016-07-29,CA-2016-164574,2,740.38
PB-18805,Patrick Bzostek,2017-12-05,CA-2017-156958,3,740.36
AH-10585,Angele Hood,2017-12-09,CA-2017-109715,4,738.5
HM-14980,Henry MacAllister,2017-04-27,CA-2017-151281,4,736.28
PH-18790,Patricia Hirasaki,2017-10-21,CA-2017-113558,1,729.65
PA-19060,Pete Armstrong,2017-09-18,CA-2017-140508,6,729.41
JJ-15445,Jennifer Jackson,2016-09-03,CA-2016-163986,5,709.18
JD-16060,Julia Dunbar,2017-03-05,CA-2017-168123,3,695.44
PB-19105,Peter Bühler,2017-11-03,US-2017-101518,4,688.32
EH-13945,Eric Hoffmann,2017-05-27,CA-2017-160458,8,684.17
TR-21325,Toby Ritter,2017-06-20,CA-2017-101434,5,675.94
AG-10330,Alex Grayson,2017-12-22,CA-2017-104927,5,660.97
BK-11260,Berenike Kampe,2017-10-14,CA-2017-151183,6,659.14
BD-11770,Bryan Davis,2017-02-06,CA-2017-115105,6,658.47
AC-10660,Anna Chung,2017-03-23,CA-2017-135650,5,657.32
AW-10840,Anthony Witt,2017-12-10,CA-2017-143798,4,649.38
LO-17170,Lori Olson,2017-12-28,CA-2017-163860,5,644.35
JB-16000,Joy Bell-,2017-11-17,CA-2017-124674,7,644.12
CD-11980,Carol Darley,2017-11-06,CA-2017-144596,3,639.77
MR-17545,Mathew Reese,2017-08-27,US-2017-139465,4,639.18
AJ-10960,Astrea Jones,2017-10-17,CA-2017-123246,3,629.25
RR-19315,Ralph Ritter,2017-12-11,CA-2017-162565,2,615.93
SS-20515,Shirley Schmidt,2016-08-26,US-2016-163538,3,613.4
BT-11440,Bobby Trafton,2016-06-18,US-2016-163461,4,603.88
BF-10975,Barbara Fisher,2017-09-30,US-2017-120908,7,599.8
MZ-17335,Maria Zettner,2017-11-30,CA-2017-107314,4,593.61
DL-13330,Denise Leinenbach,2017-11-03,CA-2017-143329,4,585.02
AS-10240,Alan Shonely,2017-06-21,CA-2017-101049,7,584.61
BD-11635,Brian Derr,2017-12-21,CA-2017-109589,3,582.65
NK-18490,Neil Knudson,2017-10-21,CA-2017-148166,7,572.05
CM-11935,Carlos Meador,2016-01-22,US-2016-135923,2,565.39
CS-12460,Chuck Sachs,2017-12-03,CA-2017-148691,2,550.64
CS-11860,Cari Schnelling,2017-07-21,US-2017-123204,6,537.63
JH-15820,John Huston,2017-07-09,CA-2017-132122,6,528.91
RB-19570,Rob Beeghly,2017-12-05,CA-2017-130351,5,528.55
AY-10555,Andy Yotov,2017-12-16,CA-2017-137428,4,497.01
CR-12625,Corey Roper,2016-09-16,CA-2016-162159,3,475.9
MS-17530,MaryBeth Skach,2016-10-22,CA-2016-169887,4,475.66
JS-15940,Joni Sundaresam,2016-09-23,CA-2016-124016,5,469.17
EC-14050,Erin Creighton,2017-11-07,CA-2017-163188,5,461.91
KM-16660,Khloe Miller,2017-12-15,CA-2017-154116,5,453.54
KW-16570,Kelly Williams,2015-11-20,US-2015-158589,4,449.1
TT-21265,Tim Taslimi,2016-11-19,CA-2016-111143,3,439.5
ST-20530,Shui Tom,2017-08-27,CA-2017-101273,7,433.34
VG-21805,Vivek Grady,2017-03-19,CA-2017-166499,5,427.37
SS-20590,Sonia Sunley,2016-10-24,CA-2016-166275,6,418.49
BT-11485,Brad Thomas,2016-03-11,CA-2016-122511,2,415.2
MH-17440,Mark Haberlin,2016-12-19,CA-2016-141523,4,400.02
BW-11065,Barry Weirich,2017-06-01,CA-2017-157413,3,385.52
JD-16015,Joy Daniels,2017-09-09,CA-2017-152198,6,385.43
JK-15325,Jason Klamczynski,2017-03-18,CA-2017-122007,3,383.81
VM-21835,Vivian Mathis,2017-09-04,US-2017-166394,5,380.69
NF-18475,Neil Französisch,2016-07-23,CA-2016-162404,4,377.16
MS-17830,Melanie Seite,2016-10-04,CA-2016-131296,4,370.35
LS-17230,Lycoris Saunders,2015-11-14,US-2015-111927,3,368.88
AG-10300,Aleksandra Gannaway,2017-09-03,CA-2017-161823,4,367.55
EM-14200,Evan Minnotte,2017-07-25,CA-2017-167549,3,366.82
HJ-14875,Heather Jas,2017-08-26,CA-2017-132584,5,358.1
DW-13540,Don Weiss,2017-09-23,CA-2017-132521,5,344.08
LT-16765,Larry Tron,2017-12-04,CA-2017-160031,3,329.88
BD-11560,Brendan Dodson,2017-03-27,CA-2017-124716,2,320.54
LH-17020,Lisa Hazard,2017-05-05,CA-2017-105991,4,318.24
JH-15430,Jennifer Halladay,2017-12-25,CA-2017-105620,4,309.28
JM-15580,Jill Matthias,2017-12-30,CA-2017-156720,5,303.95
CM-12445,Chuck Magee,2016-10-20,CA-2016-133697,3,287.99
LH-16750,Larry Hughes,2017-08-01,CA-2017-133235,3,287.43
SC-20845,Sung Chung,2017-08-21,CA-2017-117646,2,280.63
SC-20800,Stuart Calhoun,2017-11-30,CA-2017-102267,4,279.26
NB-18580,Nicole Brennan,2014-10-22,CA-2014-151967,2,273.87
BF-11080,Bart Folk,2017-12-05,CA-2017-117128,3,272.95
DD-13570,Dorothy Dickinson,2017-11-19,CA-2017-110926,6,269.54
BN-11470,Brad Norvell,2017-12-06,US-2017-149006,4,265.3
AR-10510,Andrew Roberts,2017-12-16,CA-2017-111808,5,264.86
HD-14785,Harold Dahlen,2015-11-22,CA-2015-162376,3,251.36
SM-20005,Sally Matthias,2016-11-04,US-2016-111563,4,244.49
PL-18925,Paul Lucas,2017-12-15,CA-2017-119564,5,239.48
GP-14740,Guy Phonely,2015-11-26,CA-2015-117961,2,236.53
EM-14065,Erin Mull,2017-11-13,CA-2017-133620,4,228.99
GT-14755,Guy Thornton,2017-11-26,CA-2017-130526,4,226.44
RB-19645,Robert Barroso,2016-03-22,CA-2016-107615,5,221.08
HH-15010,Hilary Holden,2017-10-19,CA-2017-131492,2,218.67
AG-10390,Allen Goldenen,2017-09-07,CA-2017-107244,5,200.94
JJ-15760,Joel Jenkins,2015-12-08,CA-2015-103205,2,195.0
AG-10765,Anthony Garverick,2017-10-14,CA-2017-126123,4,170.58
ML-18265,Muhammed Lee,2017-09-21,CA-2017-132262,2,162.23
AO-10810,Anthony O'Donnell,2016-08-16,CA-2016-148096,1,161.28
PT-19090,Pete Takahito,2017-10-20,CA-2017-103065,4,160.57
DA-13450,Dianna Arnett,2017-01-12,US-2017-158512,4,156.76
MO-17950,Michael Oakman,2017-07-03,US-2017-166233,2,154.29
GH-14665,Greg Hansen,2017-12-28,CA-2017-136539,2,146.94
PB-19210,Phillip Breyer,2016-02-11,CA-2016-164938,2,132.74
BO-11425,Bobby Odegard,2017-10-16,CA-2017-158386,2,130.83
EL-13735,Ed Ludwig,2017-10-14,CA-2017-150707,2,124.28
CC-12550,Clay Cheatham,2017-12-03,CA-2017-123071,3,113.83
RM-19750,Roland Murray,2017-03-06,CA-2017-168193,1,98.35
KS-16300,Karen Seio,2017-03-10,CA-2017-155824,3,88.47
AR-10570,Anemone Ratner,2016-07-14,CA-2016-157588,1,88.15
FW-14395,Fred Wasserman,2017-01-02,CA-2017-118668,3,79.75
JC-15340,Jasper Cacioppo,2017-09-07,US-2017-129441,4,71.26
AS-10135,Adrian Shami,2017-11-19,CA-2017-162929,2,58.82
LB-16735,Larry Blacks,2017-11-12,CA-2017-154088,3,50.19
RE-19405,Ricardo Emerson,2014-12-29,CA-2014-165477,1,48.36
SG-20890,Susan Gilcrest,2017-05-18,CA-2017-112536,3,47.95
RS-19870,Roy Skaria,2017-12-11,CA-2017-142776,2,22.33
MG-18205,Mitch Gastineau,2017-04-10,CA-2017-115070,1,16.74
CJ-11875,Carl Jackson,2016-12-30,CA-2016-163951,1,16.52
LD-16855,Lela Donovan,2016-06-26,CA-2016-152331,1,5.3
TS-21085,Thais Sissman,2017-01-07,US-2017-168690,2,4.83
